{"total_loss": 16.636985778808594, "iou_loss": 4.710415840148926, "l1_loss": 0.0, "conf_loss": 10.76982307434082, "cls_loss": 1.1567462682724, "_timestamp": 1652760602, "_runtime": 42, "_step": 11, "lr": 0.00023073225444640282, "_wandb": {"runtime": 43}}