{"total_loss": 5.031473159790039, "iou_loss": 2.1213018894195557, "l1_loss": 0.0, "conf_loss": 2.023050546646118, "cls_loss": 0.8871205449104309, "_timestamp": 1652755138, "_runtime": 9896, "_step": 3084, "lr": 0.0017525952782583188, "val/COCOAP50": 0.5035567307932455, "val/COCOAP50_95": 0.2867232806932521, "epoch": 210, "_wandb": {"runtime": 9900}}