{"total_loss": 5.315381050109863, "iou_loss": 2.1859567165374756, "l1_loss": 0.0, "conf_loss": 2.1383376121520996, "cls_loss": 0.9910869598388672, "_timestamp": 1652753044, "_runtime": 7802, "_step": 2436, "lr": 0.0037943650153825265, "val/COCOAP50": 0.4967542075260777, "val/COCOAP50_95": 0.28230740427702905, "epoch": 170}