{"total_loss": 11.11586856842041, "iou_loss": 3.280219793319702, "l1_loss": 0.0, "conf_loss": 5.594574928283691, "cls_loss": 2.2410736083984375, "_timestamp": 1652760851, "_runtime": 224, "_step": 71, "lr": 0.009999995209365464, "_wandb": {"runtime": 226}}