{"total_loss": 25.896743774414062, "iou_loss": 4.833289623260498, "l1_loss": 0.0, "conf_loss": 20.22614288330078, "cls_loss": 0.8373100161552429, "_timestamp": 1652761513, "_runtime": 24, "_step": 5, "lr": 5.7683063611600704e-05, "_wandb": {"runtime": 29}}