{"total_loss": 10.227428436279297, "iou_loss": 3.257005214691162, "l1_loss": 0.0, "conf_loss": 4.968453884124756, "cls_loss": 2.001969575881958, "_timestamp": 1652761313, "_runtime": 436, "_step": 137, "lr": 0.009993228800732525, "_wandb": {"runtime": 439}}