{"total_loss": 10.652177810668945, "iou_loss": 3.70792293548584, "l1_loss": 0.0, "conf_loss": 4.813854217529297, "cls_loss": 2.130401134490967, "_timestamp": 1652761460, "_runtime": 121, "_step": 39, "lr": 0.003045922127864125, "_wandb": {"runtime": 125}}