{"total_loss": 5.971689224243164, "iou_loss": 2.373011827468872, "l1_loss": 0.0, "conf_loss": 2.454099655151367, "cls_loss": 1.1445778608322144, "_timestamp": 1652766369, "_runtime": 4807, "_step": 1402, "lr": 0.007570656590208382, "val/COCOAP50": 0.43192999314749175, "val/COCOAP50_95": 0.2360081749408604, "epoch": 90}